Check List Number,Species name,Host Plant (book),Host Plant on iNat,Count,Broods,Date,Year,Chart Year,Notes,New_notes,Found in iNat,iNat link,Name change?,Exported?,Adult Export,Broods in iNat,Climax in iNat,1919First,1919Peak,1919Last,1922First,1922Peak,1922Last,,,,
780,Automeris io,"Aspen, birch, blackberry, cherry, clover, elm, hackberry, hibiscus, oak, poplar, sassafras, willow, winsteria, grasses (including corn, etc)",,21,1,June,1919,"Chart 1, 1919",,,Yes,https://www.inaturalist.org/taxa/82279-Automeris-io,,401416,402294,1,,21,23,24,28,28,28,,,,
780,Automeris io,,,1,,July 15,1922,"Chart 1, 1919",,,Yes,https://www.inaturalist.org/taxa/82279-Automeris-io,,,,,,,,,,,,,,,
954,Diacrisia virginica, ,"wide range of low-growing plants, including ground cover like grass and clover.",56,2,Climax at June 6,1919,"Chart 1, 1919","In 1919: 56; one brood with climax at June 6, and 6 stragglers, representing the second brood. The differing history in the two years is striking, but is repeated in the case of E. acraea, H. pseudargyrea, L. carneola and several others.
",,Yes,https://www.inaturalist.org/taxa/60839-Spilosoma-virginica,Spilosoma virginica,401502,402663,2,"32, 42",19,22;28,31,19,22;31,32,,,,"Note: Ciphris unipuncta, Authographa precationis, Epizeuxis amula, Plathypena scabra, Pleuroprucha insulsaria, Ellopia fiscellaria: cannot account for them being active later bc forbes stopped trapping in the middle of when they were active"
954,Diacrisia virginica,,,125,2,Climax at June 6 and August 5,1922,"Chart 1, 1922","The differing history in the two years is striking, but is repeated in the case of E. acraea, H. pseudargyrea, L. carneola and several others.",,Yes,https://www.inaturalist.org/taxa/60839-Spilosoma-virginica,Spilosoma virginica,,,,,,,,,,,,,,
957,Isia isabella, ,"generalist feeder, consuming many plant species, including herbs and trees",12,1,Climax about June 17,1919,"Chart 1, 1919","This is the first of a number of late spring species that flew earlier in 1922, but the difference is
not large.",,Yes,https://www.inaturalist.org/taxa/59675-Pyrrharctia-isabella,Pyrrharctia isabella,401510,402664,2,"26, 34",20,23,24,21,22,25,,,,
957,Isia isabella,,,13,1,Climax June 7,1922,"Chart 1, 1922","This is the first of a number of late spring species that flew earlier in 1922, but the difference is
not large.",,Yes,https://www.inaturalist.org/taxa/59675-Pyrrharctia-isabella,Pyrrharctia isabella,,,,,,,,,,,,,,
960,Estigmene acraea, ,"Host plants used by the caterpillar include dandelions, cabbage, cotton, walnuts, apple, tobacco, pea, potato, clovers, and maize.[3][4]

The moth does not seem to be affected by any type of pyrrolizidine alkaloid present in many plant families, including the borage, legume, dogbane, and orchid families, and the tribes Senecioneae and Eupatorieae of the aster family. It is insensitive to alkaloids due to its pyrrolizidine alkaloid-specific taste receptors. It can detoxify them and even convert them into sex pheromones",21,1,Climax June 17,1919,"Chart 1, 1919",,,Yes,https://www.inaturalist.org/taxa/121612-Estigmene-acrea,,401507,402684,2,"22, 30",21,23; 31,31,20,21;32,34,,,,
1404,Feltia herilis,,"arvae feed on a wide variety of plants, including crops, forages, vegetables, forbs and herbs. Adults have been reported to feed on nectar, with one report on Liatris",16,1,,1919,"Chart 1, 1919",,,Yes,https://www.inaturalist.org/taxa/147309-Feltia-herilis,,101508,402685,1,34,20,34,35,27,33,35,,,,
1404,Feltia herilis,,,92,1,Climax August 23,1922,"Chart 1, 1922","One well marked brood, with climax August 23, and a small early flight with F. subgothica.",,Yes,https://www.inaturalist.org/taxa/147309-Feltia-herilis,,,,,,,,,,,,,,,
1430,Noctua baja,,,70,1,August,1919,"Chart 2, 1919 and 1922",The damp sumrner seems to have been favorable and to have brought it out of aestivation a week early in 1922.,,Yes,https://www.inaturalist.org/taxa/1525735-Trichopolia-incincta,Trichopolia incincta,no observations,,,,33,34,35,31,33,35,,,,
1430,Noctua baja,,,,,,1922,"Chart 2, 1919 and 1922",,,No,,,,,,,,,,,,,,,,
1754,Polia (M.) lorea,,,55,1,June,1919,"Chart 2, 1919 and 1922",The different flight curves for the two years have no obvious meaning.,,Yes,https://www.inaturalist.org/observations?place_id=1082&subview=map&taxon_id=205234,Lacinipolia lorea,501525,402687,1,28,22,25,25,23,24,27,,,,
1754,Polia (M.) lorea,,,,,,1922,"Chart 2, 1919 and 1922",,,No,,,,,,,,,,,,,,,,
1842,Eriopyga vecors,,,11,2,,1919,"Chart 2, 1919 and 1922","The two later June specimens were of the well marked large form that formed the summer
brood in 1922.",,Yes?,https://www.inaturalist.org/observations?place_id=1082&subview=map&taxon_id=143094,Pseudorthodes vecors???,401512,402688,2,"22, 29",22,33,34,19,32,33,,,,
1842,Eriopyga vecors,,,31,2,,1922,"Chart 2 , 1919 and 1922","two broods, and early stragglers of the autumn form. The summer brood is much larger than spring and fall specimens. This species has been bred by Mr. Wehrle, and is a cutworm in habits. Its life history should be interesting.",,No,,,,,,,,,,,,,,,,
1878,Morrisonia confusa,,,28,1,May,1919,"Chart 2, 1919 and 1922",,,Yes,https://www.inaturalist.org/taxa/176925-Morrisonia-confusa,,401514,402690,1,,19,20,21,18,19,20,,,,
1878,Morrisonia confusa,,,,,,1922,"Chart 2, 1919 and 1922",,,Yes,https://www.inaturalist.org/taxa/176925-Morrisonia-confusa,,,,,,,,,,,,,,,
1919,Orthosia hibisci, ,"larvae feed on various deciduous trees, including basswood, birch, ironwood, oak, poplar, sweet gale, and wild black cherry.",17,1,Climax on May 4,1919,"Chart 2, 1919 and 1922",One flight,,Yes,https://www.inaturalist.org/taxa/226646-Orthosia-hibisci,,401516,402692,1,,18,18,20,17,17,18,,"NOTE: occurs iin iNat earlier than forbes waslighttrapping, exclude pre week 17",,
1919,Orthosia hibisci,,,19,,Climax April 25,1922,"Chart 2, 1919 and 1922",The difference in the two years may not be significant as in 1922 the trap was not running efficiently in April,,Yes,https://www.inaturalist.org/taxa/226646-Orthosia-hibisci,,,,,,,,,,,,,,,
1927,Sideridis normani,,,24,1,Climax May 22,1919,"chart 2, 1919 and 1922",,,Yes?,https://www.inaturalist.org/observations?place_id=1082&subview=map&taxon_id=217769,Crocigrapha normani ???,401517,402694,1,,18,20,21,17,19,19,,,,
1927,Sideridis normani,,,3,,,1922,"chart 2, 1919 and 1922",,,No,,,,,,,,,,,,,,,,
1933,Cirphis pseudarygria ,,,27,1,June,1919,"Chart 2, 1919 and 1922","The ontrast in the two seasons is striking. The July flight in 1922 was wholly of dwarf specimens, the August flight practically normal.",,Yes?,https://www.inaturalist.org/taxa/223554-Leucania-pseudargyria,Leucania pseudargyria,401519,402698,1,,22,23,25,20,27,33,,,,
1933,Cirphis pseudarygria ,,,96,,"Climax June 20, July 15, August 18",1922,"Chart 2, 1919 and 1922","Three flights. The ontrast in the two seasons is striking. The July flight in 1922 was wholly of dwarf specimens, the August flight practically normal.",,No,,,,,,,,,,,,,,,,
1950,Cirphis unipuncta, ,"Larvae feed and damage on a variety of Graminae (weedy grasses) and other crops: Hordeum vulgare – barley
Maize – corn
Oats
Rice
Rye
Sorghum
Sugarcane
Wheat
Alfalfa
Artichoke
Bean
Cabbage
Carrot
Celery
Cucumber
Lettuce
Onion
Parsley
Pepper
Sweet potato

Adults feed on the nectar of various types of flowers and will eat ripe or decaying fruit",14,2,,1919,"Chart 2, 1919 and 1922","The very few specimens taken (14 in all) are extraordinarily scattered. The indication of hibernation in the imago is plain, as the early specimens are rubbed. The species also hibernate in the
larva, and I understand, other stages. There are supposed to be about two broods.",,Yes,https://www.inaturalist.org/taxa/121183-Mythimna-unipuncta,Mythimna unipuncta,401521,402699,2,"21, 31",18,35,39,17,36,36,"No bar chart, just individual captures",,,
1950,Cirphis unipuncta,,,,,,1922,"Chart 2, 1919 and 1922",,,No,,,,,,,,,,,,,,,,
1972,Leucania luteopallens,,,65,2,June and August/September,1919,"Chart 3, 1919 and 1922","June brood is the principal one, and the fall brood is presumably partial",,Yes,https://www.inaturalist.org/taxa/225424-Mythimna-oxygala,Mythimna oxygala,401522,402700,2,"23, 33",22,23; 35,35,20,24; 34,38,,,,
1972,Leucania luteopallens,,,,,,1922,"Chart 3, 1919 and 1922",,,,,,,,,,,,,,,,,,,
2216,Conistra indirecta,,,18,1,October-May,1919,"Chart 3, 1919 and 1922",,,Yes,https://www.inaturalist.org/taxa/229535-Pyreferra-hesperidago,Pyreferra hesperidago,401523,402752,1,,17,18,21,,,,,,,
2216,Conistra indirecta,,,,,,1922,"Chart 3, 1919 and 1922",,,No,,,,,,,,,,,,,,,,
2291,Trachae finitima, ,"larva feeds on various grasses, including oats, fescues, barleys, canarygrasses, timothy, ryes, wheats, and wild rice",47,1,June and August/September,1919,"Chart 3, 1919 and 1922",,,Yes,https://www.inaturalist.org/taxa/213859-Apamea-sordens,Apamea sordens,401524,402753,1,,22,23,24,22,23,24,,,,
2291,Trachae finitima,,,,,,1922,"Chart 3, 1919 and 1922",,,,,,,,,,,,,,,,,,,
2638,Apamea nictitans, ,"At night the moths come to light and to flowers, honeydew and sugar. During the day it feeds at the flowers of thistles and ragwort/arvae feed, from April to June, on the stems and roots of various grasses and low plants, including butterbur (Petasites hybridus) and tufted hair-grass (Deschampsia cespitosa)",42,1,Climax August 10,1919,"Chart 3, 1919 and 1922",,,Yes,https://www.inaturalist.org/taxa/201235-Amphipoea-oculea,Amphipoea oculea,no obervations,,,,27,31,33,22,23,34,,,,
2638,Apamea nictitans,,,,,,1922,"Chart 3, 1919 and 1922",,,,,,,,,,,,,,,,,,,
2704,Ogdoconta cinereola,,,22,1,June and a few stragglers in midsummer,1919,"Chart 2, 1919 and 1922",,,Yes,https://www.inaturalist.org/taxa/143849-Ogdoconta-cinereola,,401526,402755,2,"27, 30",22,23; 30,34,21,21; 31,35,,,,
2704,Ogdoconta cinereola,,,86,2,June/July and August,1922,"Chart 3, 1919 and 1922",,,Yes,https://www.inaturalist.org/taxa/143849-Ogdoconta-cinereola,,,,,,,,,,,,,,,
2894,Lithacodia synochitis,,,13,1,June,1919,"Chart 3, 1919 and 1922",,,Yes,https://www.inaturalist.org/taxa/211012-Maliattha-synochitis,Maliattha synochitis,401527,402756,1,,22,24,25,23,24,25,,,,
2894,Lithacodia synochitis,,,,,,1922,"Chart 3, 1919 and 1922",,,,,,,,,,,,,,,,,,,
2895,Lithacodia albidula,,,29,1,Climax June 19,1919,"Chart 3, 1919 and 1922",,,Yes,https://www.inaturalist.org/taxa/228854-Protodeltote-albidula,Protodeltote albidula,401528,402912,2,"29,39",23,25,28,25,28,28,,,,
2895,Lithacodia albidula,,,,,,1922,"Chart 3, 1919 and 1922",,,,,,,,,,,,,,,,,,,
2900,Lithacodia carneola,,,67,1,June,1919,"Chart 3, 1919 and 1922",One brood in June and 7 stragglers in July and August,,Yes,https://www.inaturalist.org/taxa/143118-Pseudeustrotia-carneola,Pseudeustrotia carneola,401529,402914,1,,21,23,34,20,22; 29,35,,,,
2900,Lithacodia carneola,,,154,2,Climax in June and about August 1,1922,"Chart 3, 1919 and 1922",The large numbers of this species make teh extreme contrast between the two years more significant,,Yes,https://www.inaturalist.org/taxa/143118-Pseudeustrotia-carneola,Pseudeustrotia carneola,,,,,,,,,,,,,,
2952,Tarachidia erastrioides, ,The larvae feed on Ambrosia species,79,2,End of June and in August,1919,"Chart 3, 1919 and 1922","The second brood is relatively heavier in 1922, but the contrast with the preceding species is striking",,Yes,https://www.inaturalist.org/taxa/228634-Ponometia-erastrioides,Ponometia erastrioides,401531,201915,1,,22,24; 30,35,22,25; 33,35,,,,
2952,Tarachidia erastrioides,,,,,,1922,"Chart 3, 1919 and 1922",,,,,,,,,,,,,,,,,,,
301-,Baileya species,,,24,1,June,1919,"Chart 2, 1919 and 1922",,,Yes,https://www.inaturalist.org/taxa/144105-Baileya,,401533,402917,,,21,22,24,20,21,24,,,,
301-,Baileya species,,,,,,1922,"Chart 2, 1919 and 1922",,,,,,,,,,,,,,,,,,,
3127,Parallelia bistriaris,,,63,2,June and July,1922,"Chart 4, 1919 and 1922","There would appear to be a light spring brood in June, which in 1922 was followed by a heavy second brood in July; but the flight record is not clear",,Yes,https://www.inaturalist.org/taxa/118531-Parallelia-bistriaris,,401532,402918,2,23; 33,20,24,32,21,23; 28,34,,,,
3136,Caenurgia crassiuscula,,,61,2,May and August,1919,"Chart 4, 1919 and 1922",Asit is well known the first brood is undersized.A few specimens of erechtea may have been included; but the flights of the two are identical anyway.,,Yes,https://www.inaturalist.org/taxa/52900-Caenurgina-crassiuscula,Caenurgina crassiuscula,401534,402919,3,16; 21; 30,18,19; 31,34,18,20; 31,35,,,,
3136,Caenurgia crassiuscula,,,,,,1922,"Chart 4, 1919 and 1922",,,,,,,,,,,,,,,,,,,
3230,Autographa falcifera,,,23,1,May and August,1919,"Chart 2, 1919 and 1922",There are supposed to be two or three broods,,Yes,https://www.inaturalist.org/taxa/59300-Anagrapha-falcifera,Anagrapha falcifera,401535,402921,3,22; 29; 38,18,20,33,19,21,31,,,,
3230,Autographa falcifera,,,,,,1922,"Chart 2, 1919 and 1922",,,,,,,,,,,,,,,,,,,
3261,Autographa precationis,,,30,1,May (stragglers in July),1919,"Chart 4, 1919 and 1922",,,Yes,https://www.inaturalist.org/taxa/142990-Autographa-precationis,,401536,402922,3,21; 30; 38,18,19; NA; 31,34,18,22; 27; 36,39,,,,
3261,Autographa precationis,,,132,3,"Climaxes June 7,July 10, August 1, Sept, 10, and October",1922,"Chart 4, 1919 and 1922",5 distinct flights. The species took advantafe of the favorable season to increase enormously.,,Yes,https://www.inaturalist.org/taxa/142990-Autographa-precationis,,,,,,,,,,,,,,,
2486,Epizeuxis aemula,,,18,1,June and few stragglers followed,1919,"Chart 4, 1919 and 1922",,,Yes,https://www.inaturalist.org/taxa/127460-Idia-aemula,Idia aemula,401537,402924,2,28; 40,20,22,39,23,27,39,,,,
2486,Epizeuxis aemula,,,185,2,heay brood injuly and partial in september,,"Chart 4, 1919 and 1922",S[ecoes took advantage of the most July for an enormous increasse; the second brood may have been missed in 1919,,Yes,https://www.inaturalist.org/taxa/127460-Idia-aemula,Idia aemula,,,,,,,,,,,,,,
3506,Zanclognatha pedipilalis,,,41,1,june,,"Chart 5, 1919 and 1922",This species is markedly earlier than the jacchusalis in both years,,Yes,https://www.inaturalist.org/taxa/143012-Zanclognatha-pedipilalis,,401562,402926,2,24; 34,22,23,25,21,23,27,,,,
3519,Chytolita morbidalis,,,148,1,June,,"Chart 5, 1919 amd 1922",This species and the June-flying Z. pedipilalis did better than most of the deltoids in 1919,,Yes,https://www.inaturalist.org/taxa/129226-Chytolita-morbidalis,,401538,402928,1,,22,23,25,21,21,26,,,,
3578,Plathypena scabra,,,45,1,October and Novemeber,1919,"Chart 5, 1919 ",A September flight may have been missed. Stragglers in mid summer,,Yes,https://www.inaturalist.org/taxa/118513-Hypena-scabra,Hypena scabra,401539,402929,3,14; 32; 44,27,39,40,24,31,39,,,,
3578,Plathypena scabra,,,35,,August ,1922,"Chart 5, 1922","Heavy flight in August, followed by a lighter one in the fall. The species was flying actively wen the trap was discontinued, but was less common than usual: the August flight may have been of specimens that normally would wait until fall",,Yes,https://www.inaturalist.org/taxa/118513-Hypena-scabra,Hypena scabra,401539,402929,,,,,,,,,,,,
3595,Datana ministra,,,87,2,,,"Chart 5, 1919 and 1922",,,Yes,https://www.inaturalist.org/taxa/47719-Datana-ministra,,401541,402930,1,,24,31,39,22,23,30,,,,
3596,Datana angusii,,,40,1,,,"Chart 5, 1919 and 1922",,,Yes,https://www.inaturalist.org/taxa/218163-Datana-angusii,,no observations,,0,,23,27,31,21,22,28,,,,
3604,Datana integerrima,,,107,2,,,"Chart 5,1919 and 1922",,,Yes,https://www.inaturalist.org/taxa/218166-Datana-integerrima,,401542,402933,1,,21,23,27,21,23,29,,,,
3620,Nadata gibbosa,,,17,,,,"Chart 6, 1922",This species seems to be behaving exactly like the Datanas.,,Yes,https://www.inaturalist.org/taxa/82204-Nadata-gibbosa,,,,,,,,,,,,,,,
3621,Nerice bidentata,,,10,1,June and a straggler in August,1919,"Chart 6, 1919",,,Yes,https://www.inaturalist.org/taxa/201280-Nerice-bidentata,,401544,402934,2,25; 31,22,23,30,18,31,32,,,,
3621,Nerice bidentata,,,7,2,June and August,1922,"Chart 6, 1919",,,Yes,https://www.inaturalist.org/taxa/201280-Nerice-bidentata,,,,,,,,,,,,,,,
3622,Symmerista albifrons,,,236,1,Climax June 16,,"Chart 6, 1919",Extraordinary abundant in 1919 and dissapeared in 1922.,,Yes,https://www.inaturalist.org/taxa/232055-Symmerista-albifrons,,401545,402935,1,,22,23,29,22,27,35,,,,
3643,Heterocampa guttivitta,,,42,1,Climax in early June,,"Chart 6, 1919 and 1922",A little earlier climax in 1922 than 1919,,Yes,https://www.inaturalist.org/taxa/1372883-Cecrita-guttivitta,Cecrita guttivitta,401547,402936,2,22; 32,19,22,24,18,21,36,,,,
3705,Hemerocampa leucostigma,,,49,1,Climax in August,,"Chart 6, 1919 and 1922",,,Yes,https://www.inaturalist.org/taxa/81665-Orgyia-leucostigma,Orgyia leucostigma,401548,402937,2,28; 40,31,33,35,28,31,36,,,,
3756,Eudeilinea herminiata,,,39,2,"Climax in June, late July, and August",,"Chart 6, 1919 and 1922","Three flights with climax in June, late July, and August. Last two represent a single brood",,Yes,https://www.inaturalist.org/taxa/205198-Eudeilinia-herminiata,,401549,402938,2,23; 30,21,22; 29,32,20,23; 32,33,,,,
3757,Oreta rosea,,,24,2,June and early August,,"Chart 6, 1922",,,Yes,https://www.inaturalist.org/taxa/121534-Oreta-rosea,,,,,,,,,,,,,,,
3775,Racheospila rubrolinearia,,,5,2,May and July,,,,,No,,,,,,,,,,,,,,,,
3783,Nemoria mimosaria,,,22,1,June,,"Chart 6, 1919",Partial second brood in july,,Yes,https://www.inaturalist.org/taxa/146935-Nemoria-mimosaria,,,,,,,,,,,,,,,
3800,Synchlora aerata,,,26,2,June and August,,"Chart 6, 1922",,,Yes,https://www.inaturalist.org/taxa/126204-Synchlora-aerata,,,,,,,,,,,,,,,
3818,Chlorochlamys chloroleucaria,,,134,2,Climax in early June and near beginning of August,,"Chart 6, 1919 and 1922",,,Yes,https://www.inaturalist.org/taxa/149017-Chlorochlamys-chloroleucaria,,401561,403042,2,24; 30,22,22; 28,33,20,21; 30,33,,,,
3857,Acidalia enucleata,,,155,1,July,,"Chart 6, 1919 and 1922",Far more abundant in 1922 than 1919,,Yes,https://www.inaturalist.org/taxa/81680-Scopula-limboundata,Scopula limboundata,401550,402941,1,,24,28,30,24,27,35,,,,
3901,Acidalia inductata,,,26,2 early June and August,,,"Chart 6, 1919 and 1922",,,Yes,https://www.inaturalist.org/taxa/143108-Scopula-inductata,Scopula inductata,401552,402943,2,23; 30,22,33,34,22,32,33,,,,
3912,Haematopis grataria,,,14,2,August and early September and early June,1919,"Chart 6, 1919",2 specimens in early June indicating another brood,,Yes,https://www.inaturalist.org/taxa/118490-Haematopis-grataria,,401554,402945,1,,22,31,36,20,32,36,,,,
3912,Haematopis grataria,,,26,,July and middle August,1922,"Chart 6, 1922","Principal flights in July and middle of AUgust, with no specimens in June, but a straggler in May,and the August flight lasting heavily into September. Specimens appear sensitive to weather.",,Yes,https://www.inaturalist.org/taxa/118490-Haematopis-grataria,,,,,,,,,,,,,,,
3914,Pleuroprucha insulsaria,,,50,3,"Climax July 8, August 14, and October",,"Chart 7, 1919 and 1922",Three flights,,Yes,https://www.inaturalist.org/taxa/143105-Pleuroprucha-insulsaria,,401555,402946,2,30; 43,27,32,39,26,32,39,,,,
3962,Dyspteris abortivaria,,,21,2,Climax in about June 12 and August 8,,"Chart 7, 1922",,,Yes,https://www.inaturalist.org/taxa/205203-Dyspteris-abortivaria,,,,,,,,,,,,,,,
3977,Lygris diversilineata,,,123,1,Climax near end of July,,"Chart 7, 1919 and 1922",,Eulithis diversilineata,Yes,https://www.inaturalist.org/taxa/143101-Eulithis-diversilineata,Eulithis diversilineata,401556,402948,1,,26,30,34,24,30,34,,,,
4037,Xanthorhoe lacustrata,,,11,1,June and stragglers in August,1919,"Chart 7, 1922",,,Yes,https://www.inaturalist.org/taxa/205036-Xanthorhoe-lacustrata,,401557,402949,2,17; 32,17,32,33,22,22,34,,,,
4037,Xanthorhoe lacustrata,,,22,2,May and Augusr,1922,"Chart 7, 1922",Another species that Another species that shows an extra August brood in 1922.,,Yes,https://www.inaturalist.org/taxa/205036-Xanthorhoe-lacustrata,,,,,,,,,,,,,,,
4054,Orthonama obstipata,,,61,2,"Principal in August and another in October, reappearing in May",,"Chart 7, 1922",,,Yes,https://www.inaturalist.org/taxa/143002-Orthonama-obstipata,,,,,,,,,,,,,,,
4072,Euphyia intermediata,,,15,2,June and August,,"Chart 7, 1922",,,Yes,https://www.inaturalist.org/taxa/120275-Euphyia-intermediata,,,,,,,,,,,,,,,
4074,Euphyia centrostrigaria,,,23,,,,"Chart 7, 1922",Flight irregular; the conditions are probably the same as in the closely related O. obstipata,,No,,,,,,,,,,,,,,,,
4122,Eudule mendica,,,13,1,Early July,,"Chart 7, 1922",,,No,,,,,,,,,,,,,,,,
4280,Horisme intestinata,,,19,2,"May and June, and August",,"Chart 7, 1922",,,Yes,https://www.inaturalist.org/taxa/205228-Horisme-intestinata,,,,,,,,,,,,,,,
4293,Bapta vestaliata,,,18,1,"Early June, and some stragglers",,"Chart 7, 1919",,,No,,,,,,,,,,,,,,,,
4303,Physostegania pustularia,,,75,2,One very large flight on June 27 and a second straggling flight centering August 2,1919,"Chart 7, 1919",,,Yes,https://www.inaturalist.org/taxa/736797-Macaria-pustularia,Macaria pustularia,401558,402951,1,,24,25,34,25,26,33,,,,
4303,Physostegania pustularia,,,158,2,"July, and a few specimens in August",1922,"Chart 7, 1922",,,Yes,https://www.inaturalist.org/taxa/736797-Macaria-pustularia,Macaria pustularia,,,,,,,,,,,,,,
4338,Macaria minorata,,,23,2,"June, late July, and August",,"Chart 7, 1922",Not taken in 1919. Appeared irregularly. Flight dates indicate no broods clearly,,Yes,https://www.inaturalist.org/taxa/224256-Macaria-minorata,,,,,,,,,,,,,,,
4339,Macaria bisignata,,,7,1,Climax beginning of July,1919,"Chart 7,1922",,,Yes,https://www.inaturalist.org/taxa/146886-Macaria-bisignata,,401559,402953,2,26; 32,22,27,33,23,26,26,,,,
4339,Macaria bisignata,,,14,,Lasting through August,1922,"Chart 7, 1922",Flight irregular,,Yes,https://www.inaturalist.org/taxa/146886-Macaria-bisignata,,,,,,,,,,,,,,,
4345,Macaria granitata,,,20,2,"Climax June 20, and straggling in AUgust 19",1919,"Chart 7, 1919",One well marked flight and second straggling,,Yes,https://www.inaturalist.org/taxa/224253-Macaria-granitata,,401560,402954,1,,20,24,35,24,32,33,,,,
4345,Macaria granitata,,,20,2,July 1 and August 19,1922,"Chart 7, 1922","2 specimens in middle of may, possibly indicating another generation.",,Yes,https://www.inaturalist.org/taxa/224253-Macaria-granitata,,,,,,,,,,,,,,,
4465,Caripeta divisata,,,58,1,July,,"Chart 7, 1922",In 1922 ten specimens of a striking aberration were taken,,Yes,https://www.inaturalist.org/taxa/205213-Caripeta-divisata,,,,,,,,,,,,,,,
4486,Nepytia canosaria,,,67,1,September,,"Chart 7, 1922",The principal flight of this species falls in the period when the trap was not running in 1919.,,Yes,https://www.inaturalist.org/taxa/211007-Nepytia-canosaria,,,,,,,,,,,,,,,
4570,Cleora pampinaria,,,11,2,August,,"Chart 8, 1922","Principal brood in August, another early brood indicated by stragglers.",,No,,,,,,,,,,,,,,,,
4584,Cleora ephyraria,,,50,1,July,,"Chart 8, 1922",,,Yes,https://www.inaturalist.org/observations?place_id=1082&subview=map&taxon_id=222285,Iridopsis ephyraria,401564,402955,1,,28,28,29,27,28,31,,,,
4599,Melanolophia canadaria,,,,1,,,"Chart 8, 1919 and 1922","1 brood in spring, and an odd specimen appearing in 1919 on August 29. More than one species may be represented in the series.",,Yes,https://www.inaturalist.org/taxa/118860-Melanolophia-canadaria,,401565,402956,2,21; 30,18,22,34,18,22,24,,,,
4654,Ellopia (Therina) fiscellaria,,,30,1,September and October,,"Chart 8, 1922",Largely missed in 1919,,Yes,https://www.inaturalist.org/taxa/154446-Lambdina-fiscellaria,Lambdina fiscellaria,401567,402958,1,,36,39,39,34,36,38,,,,
4659,Campaea perlata,,,29,2,June and August,,"Chart 8, 1922","Only a single specimen was taken in 1919, belonging to the first brood.",,Yes,https://www.inaturalist.org/taxa/81681-Campaea-perlata,,401569,402959,2,22; 35,23,23,23,31,33,34,,,,
4661,Eugonobapta nivosaria,,,48,1,Early july,,"Chart 8, 1919 and 1922",a few stragglers after brood,,Yes,https://www.inaturalist.org/taxa/205195-Eugonobapta-nivosaria,,401570,402960,1,,20,26,27,24,27,30,,,,
4664,Ennomos subsignarius,,,90,1,July,,"Chart 8, 1919 and 1922",One flight in July. The few specimens taken in 1919 flew laer than in 1922,,Yes,https://www.inaturalist.org/taxa/119939-Ennomos-subsignaria,,401571,402961,1,,26,27,28,25,26,29,,,,
4666,Xanthotype crocataria,,,,2,June and August,,"Chart 8, 1919 and 1922",The second brood was relatively much heavier in 1922,,Yes - no local observations,https://www.inaturalist.org/observations?place_id=any&subview=map&taxon_id=119062,Xanthotype sospeta,no observations,,0,,22,23; 31,33,22,22; 32,33,,,,
4678,Hyperetis amicaria,,,33,1,June,,"Chart 8, 1919 ",,,No,,,,,,,,,,,,,,,,
4680,Nematocampa limbata subspecies filamentaria,,,200,2,"Late June and the first half of July, stragglers in August",,"Chart 8, 1919 and 1922",exceptionally weak second brood is no more developed in 1922 and 1919,,Yes,https://www.inaturalist.org/taxa/81656-Nematocampa-resistaria,Nematocampa resistaria,401572,402963,1,,24,25,28,24,26,28,,,,
4685,Gonodontis hypochraria,,,58,1,Early June,,"Chart 8, 1919 and 1922",A little later in 1919,,Yes,https://www.inaturalist.org/observations?place_id=1082&subview=map&taxon_id=224984,Metarranthis hypochraria,401573,402964,1,,21,22,24,20,21,25,,,,
4744,Pero honestarius,,,35,2,Climax in May and weaker second in August,,"Chart 8,1922",4 specimens in the two years together,,No,,,,,,,,,,,,,,,,
4752,Pero marmoratus,,,22,2,June and August 1,,"Chart 8, 1922","Only the early brood was well marked in 1919, and only the late one appeared in 1922.",,Yes,https://www.inaturalist.org/taxa/227512-Pero-ancetaria,Pero ancetaria,,,,,,,,,,,,,,
4762,Tetracis crocallata,,,81,1,,,"Chart 8, 1922",,,Yes,https://www.inaturalist.org/taxa/144107-Tetracis-crocallata,,,,,,,,,,,,,,,
4769,Sabulodes lorata,,,,1,June,,"Chart 9, 1919 and 1922",One strong brood in June and stragglers in midsummer. Suspect that 21 specimens recorded for July 16 have been mislabelled in some way.,,Yes?,https://www.inaturalist.org/observations?place_id=1082&subview=map&taxon_id=131673,Tetracis cachexiata ???,401574,402965,1,,20,22,24,20,23,35,,,,
4777,Sabulodes transverata,,,447,1,Midsummer,,"Chart 9, 1919 and 1922","In 1922 this was by far the commonest of geometers, and by a little the most abundant moth at the trap, 395, specimens being taken and counted",,Yes,https://www.inaturalist.org/observations?place_id=1082&subview=map&taxon_id=143518,Prochoerodes lineola,401576,402967,2,29; 40,28,31,35,26,29,38,,,,
4780,Abbotana clemataria,,,68,1,May into June,,"Chart 9, 1919 and 1922",,,Yes,https://www.inaturalist.org/observations?place_id=1082&subview=map&taxon_id=205197,Eutrapela clemataria,401577,402968,1,,18,29,22,18,19,22,,,,
4842,Lithacodes fasciola,,,29,1,July,,"Chart 9, 1922",,,Yes,https://www.inaturalist.org/taxa/201343-Lithacodes-fasciola,,401578,402970,1,,26,26,28,25,27,30,,,,
4843,Packardia elegans,,,7,1,June,1919,"Chart 9, 1922",Brood cut short by dry season,,Yes,https://www.inaturalist.org/taxa/226847-Packardia-elegans,,401579,402971,1,,24,24,24,24,26,27,,,,
4843,Packardia elegans,,,17,1,July 2,1922,"Chart 9, 1922",,,Yes,https://www.inaturalist.org/taxa/226847-Packardia-elegans,,,,,,,,,,,,,,,
4921,Desmia funeralis,,,21,,"June 7 to August 13, with climax July 15",,,Flight irregular,,Yes,https://www.inaturalist.org/taxa/118788-Desmia-funeralis,,,,,,,,,,,,,,,
4960,Pantographa limata,,,24,1,"June 18 to August 4, with climax July 14",,"Chart 9, 1922",,,Yes,https://www.inaturalist.org/taxa/205240-Pantographa-limata,,401580,402972,1,,24,27,30,24,27,27,,,,
5004,Evergestis straminalis,,,206,2,Climax about June 12 and August 20,,"Chart 9, two years combined",,,Yes,,Evergestis pallidata,401581,403075,,,21,23; 33,36,,,,*Combined,,,
5005,Crocidophera serratissimalis,,,12,,June 17 to July 25,,,A little earlier in 1919,,No,,,,,,,,,,,,,,,,
5020,Loxostege marculenta,,,42,2,"Climax about June 29, stragglersfrom May 17 to August 19",,"Chart 9, 1919","Climax about June 29, stragglersfrom May 17 to August 19 (last sttempt at second brood)",,Yes,https://www.inaturalist.org/observations?place_id=1082&subview=map&taxon_id=1090596,"Hahncappsia marculenta
",401582,402976,1,,19,24,32,23,25,29,,,,
,Boeotarcha demantrialis,,,5,,July 24 to August 14,,,,,No,,,,,,,,,,,,,,,,
5088,Phlyctaenia ferrugalis,,,56,2,"Heavy brood in October and November, and scattering in July and August 1",,"Chart 9, combined",The secondary maximum in the end of August appeared both years and may represent another partial (second) brood,Flag for Jason - seems to be a European species (probably wrong),Yes?,https://www.inaturalist.org/observations?place_id=1082&subview=map&taxon_id=143615,Udea rubigalis,401584,402977,1,,18,29; 33,40,,,,*Combined,,,
5099,Phlyctaenia terrealis,,,128,2,June and August,,"Chart 9, combined",,,Yes?,https://www.inaturalist.org/observations?place_id=any&subview=map&taxon_id=324639,Algedonia mysippusalis,no obervations,,0,,19,23; 32,25,,,,*Combined,,,
5102,Phlyctaenia tertialis,,,96,2,"Later half of July, August",,"Chart 9, combined","First brood in latter half on June, continuing in smaller numbers well through July",,Yes,https://www.inaturalist.org/observations?place_id=1082&subview=map&taxon_id=491390,Anania coronata,401586,402979,1,,23,24; 32,34,,,,*Combined,,,
5111,Pyrausta pertextalis,,,90,2,June and August,,"Chart 9, combined",,,Yes,https://www.inaturalist.org/observations?place_id=1082&subview=map&taxon_id=143008,Herpetogramma pertextalis,401587,402981,1,,22,23; 32,35,,,,*Combined,,,
5112,Pyrausta fissalis,,,160,1,Climax before middle July,,"Chart 9, 1919 and 1922",The peak at theend of June 1919 is almost entirely caused by 24 specimens taken June 27,,Yes,https://www.inaturalist.org/observations?place_id=1082&subview=map&taxon_id=146645,Herpetogramma abdominalis,401588,402982,1,,20,25,31,25,27,29,,,,
5113,Pyrausta aeglealis,,,74,1,July ,,"Chart 9, 1922",,,Yes,https://www.inaturalist.org/observations?place_id=1082&subview=map&taxon_id=221215,Herpetogramma aeglealis,401589,402985,1,,27,29,30,27,27,31,,,,
5239,Scoparia cinereomedia,,,15,1,Climax before middle July,,,,,Yes,https://www.inaturalist.org/taxa/230661-Scoparia-cinereomedia,,,,,,,,,,,,,,,
5273,Galasa nigrinodis,,,41,1,June in 1919 and July 10 1922,,"Chart 9, 1922",Took advantage of the moist July of 1922,,Yes,https://www.inaturalist.org/taxa/84024-Galasa-nigrinodis,,401590,402986,1,,23,25,26,25,27,28,,,,
5338,Crambus pascuellus,,,8,1,June 12 to 29,,,,,Yes,https://www.inaturalist.org/taxa/333907-Crambus-pascuella,,,,,,,,,,,,,,,
5341,Crambus girardellus,,,12,1,July 19 to July 22,,,,,Yes,https://www.inaturalist.org/taxa/143097-Crambus-girardellus,,,,,,,,,,,,,,,
5344,Crambus praefectellus,,,58,2,Climax June 20 and August 15,,"Chart 9, 1922",Second brood was proportionately weak in 1919,,Yes,https://www.inaturalist.org/taxa/143000-Crambus-praefectellus,,401591,402988,2,24; 31,22,24; 34,34,20,24; 32,36,,,,
5353,Crambus alboclavellus,,,82,1,Climax July 10,,"Chart 10, combined",Not very confident of separation of alboclavellus and agitatellus,,Yes,https://www.inaturalist.org/taxa/133447-Crambus-agitatellus,Crambus agitatellus,401520,402990,1,,22,27,30,,,,*Combined chart,,,
5355,Crambus agitatellus,,,34,,Climax July 10,,,,,Yes,https://www.inaturalist.org/taxa/133447-Crambus-agitatellus,,,,,,,,,,,,,,,
5358,Crambus laqueatellus,,,12,1,Climax June 13,,,,,Yes,https://www.inaturalist.org/taxa/144075-Crambus-laqueatellus,,,,,,,,,,,,,,,
5361,Crambus hortuellus,,,182,1,Climax June 25,1919,,,,Yes,https://www.inaturalist.org/observations?place_id=1082&subview=map&taxon_id=321779,Chrysoteuchia topiarius,401592,402991,1,,20,25,28,24,26,30,,,,
5361,Crambus hortuellus,,,182,,Climax July 5,1922,,,,No,,,,,,,,,,,,,,,,
5362,Crambus albellus,,,63,1,June 27,1919,,,,Yes,https://www.inaturalist.org/taxa/217673-Crambus-albellus,,401594,402992,1,,24,26,30,,,,*Combined chart,,,
5362,Crambus albellus,,,63,,July 6,1922,heavier flight,,,Yes,https://www.inaturalist.org/taxa/217673-Crambus-albellus,,,,,,,,,,,,,,,
5366,Crambus elegans,,,12,1,end of July,,,,,No,,,,,,,,,,,,,,,,
5367,Crambus polingi,,,4,,July 12 to 16,1922,first record for eastern states,,,No,,,,,,,,,,,,,,,,
5368,Crambus vulgivagellus,,,192,1,Beginning of September,,"Chart 10, combined",,,Yes- no observations,https://www.inaturalist.org/taxa/1023419-Crambus-vulgivagellus,Agriphila vulgivagellus,401595,403076,,,32,34,36,,,,*Combined chart,,,
5371,Crambus ruricolellus,,,347,1,Climax end of August,,"Chart 10, combined",,,Yes,https://www.inaturalist.org/observations?place_id=1082&subview=map&taxon_id=146967,Agriphila ruricolellus,401596,402995,1,,32,34,36,,,,*Combined chart,,,
5384,Crambus mutabilis,,,38,1,Later half of August,,"Chart 10, 1922","Common in 1922, scarce in 1919",,Yes,https://www.inaturalist.org/observations?place_id=1082&subview=map&taxon_id=143730,Fissicrambus mutabilis,401597,403002,2,24; 32,34,34,34,30,33,34,,,,
5392,Crambs trisectus,,,32,2,June and August,,"Chart 10, 1922",Scarce in 1919,,No,,,,,,,,,,4,6; 15,17,*No 1919 data?,,,
5367-5399,Crambus group luteolellus,,,125,2,June 16 to September 1,,,Unable to separate these 3 supposed species,,No,,,,,,,,,,,,,,,,
5490,Tetralopha asperatella ,,,26,1,June 8 to 27,1919,,,,Yes- no observations,https://www.inaturalist.org/taxa/232408-Tetralopha-asperatella,,,,,,,,,,,,,,,
5490,Tetralopha asperatella ,,,26,1,July 1 to 23,1922,,stragglers May 31 and June 13. Exceptionally sensitive to weather conditions,,Yes- no observations,https://www.inaturalist.org/taxa/232408-Tetralopha-asperatella,,,,,,,,,,,,,,,
5726,Vitula edmandsii,,,10,2,"Principal in June, second August 15 to September 5",1919,"Chart 10, 1922",straggler October 9,,Yes,https://www.inaturalist.org/taxa/233590-Vitula-edmandsii,,401598,403003,1,,23,24; 34,39,26,28; 32,34,,,,
5726,Vitula edmandsii,,,42,1,Maxima July 18 and August 15,1922,"Chart 10, 1922",,,Yes,https://www.inaturalist.org/taxa/233590-Vitula-edmandsii,,,,,,,,,,,,,,,
5835,Peoria approximella,,,18,1,June 15 to July 15,,,,,Yes,https://www.inaturalist.org/taxa/227434-Peoria-approximella,,,,,,,,,,,,,,,
5881,Platyptilia pallidactyla 46,,,,1,June,1919,"Chart 10, 1919",Straggler August 8,,Yes,https://www.inaturalist.org/taxa/321014-Gillmeria-pallidactyla,Gillmeria pallidactyla,,,,,,,,,,,,,,
6021,Metzneria lapella,,,66,1,July,,"Chart 10, combined",,,Yes,https://www.inaturalist.org/observations?place_id=1082&subview=map&taxon_id=118556,Metzneria lappella,401599,403004,1,,25,27,31,,,,*Combined chart,,,
6041,Aristoteloa roseosuffusella,,,22,,June 25 to August 23,,,irregular,,No,,,,,,,,,,,,,,,,
6424,Cryptolechia tenoriferella,,,134,1,Climax early September,,"Chart 10, combined",Mainly based on 1919,,Yes,https://www.inaturalist.org/observations?place_id=1082&subview=map&taxon_id=81689,Machimia tentoriferella,401600,403005,1,,32,35,40,,,,*Combined chart,,,
6798,Exartema permundanum,,,14,1,July 3 to 28,,,,,No,,,,,,,,,,,,,,,,
6800,Exartema concinnanum,,,11,1,July 28 to July 27,,,,,No,,,,,,,,,,,,,,,,
6807,Exartema inornatanum,,,14,,July 8 to August 23,,,,,No,,,,,,,,,,,,,,,,
"6807,2",Exartema quadrifidum,,,50,1,Climax end of June,,"Chart 10, combined",,,Yes,https://www.inaturalist.org/observations?place_id=1082&subview=map&taxon_id=320965,"Olethreutes quadrifidum
",401601,403006,1,,23,24,29,,,,*Combined chart,,,
6810,Exartema merrickanum,,,21,1,June 20 to July 16,,,,,No,,,,,,,,,,,,,,,,
6827,Argyroploce hebesana,,,48,2,Maxima at July 18 and August 25,,"Chart 10, combined",2 flights both years,,Yes,https://www.inaturalist.org/observations?place_id=1082&subview=map&taxon_id=219169,Endothenia hebesana,401602,403007,1,,25,28; 32,40,,,,,,,
7281,Coelostathma discopunctanum,,,8,1,Later June,1919,"Chart 19, 1922",,,Yes,https://www.inaturalist.org/observations?place_id=1082&subview=map&taxon_id=203850,Coelostathma discopunctana ???,401608,403008,1,,23,24,26,23,27; 33,34,,,,
7281,Coelostathma discopunctanum,,,28,2,Early July and later August,1922,"Chart 19, 1922",Extra brood in 1922,,No,,,,,,,,,,,,,,,,
7316,Sparganothis sulfurcana,,,28,2,June/July and late August/September,1919 and 1922,,,,No,,,,,,,,,,,,,,,,
7345,Cacoecia obsoletana,,,29,1,July in 1919 and August in 1922,1919 and 1922,,,,No,,,,,,,,,,,,,,,,
7353,Cacoecia argyrospila,,,25,1,end of June,,"Chart 10, 1922",few stragglers,,Yes,https://www.inaturalist.org/observations?place_id=1082&subview=map&taxon_id=214078,Archips argyrospilus,401610,403009,1,,24,25,30,21,24,25,,,,
7356,Cacocci fractivittana ,,,9,1,Climax June 12,,,,,No,,,,,,,,,,,,,,,,
7361,Cacoecia rosaceana,,,35,1,June,,"Chart 10, combined",,,Yes,https://www.inaturalist.org/observations?place_id=1082&subview=map&taxon_id=143728,"Choristoneura rosaceana
",401611,403044,0,,20,24,25,,,,*Combined chart,,,
7364,Tortrix quercifoliana ,,,15,1,July 3,,,straggler August 2,,No,,,,,,,,,,,,,,,,
7367,Tortrix clemensiana ,,,31,2,June and August,,"Chart 10, 1922",,,No,,,,,,,,,,5,7; 16,16,,,,
7390,Eulia velutinana,,,103,3,"Heavy in July,smaller in May and middle August",1919 and 1922,"Chart 10, combined","straggler October 22, 1919",,Yes,https://www.inaturalist.org/observations?place_id=1082&subview=map&taxon_id=208118,Argyrotaenia velutinana,401613,403011,2,20;30,17,20; 28; 34,40,,,,*Combined chart,,,
7556,Carposina fernaldana,,,22,1,July 21 to AUgust 23,,,,,Yes,https://www.inaturalist.org/taxa/216149-Carposina-fernaldana,,,,,,,,,,,,,,,
8054,Gracilaria superbifrontella,,,60,1,August,,"Chart 10, 1922","Stragglers, trap not running to catch winter brood","Has iNat records, but mostly in Pennsylvania and New England",Yes - no local observations,https://www.inaturalist.org/taxa/366165-Caloptilia-superbifrontella,Caloptilia superbifrontella,no observations,,0,,23,24,33,20,32,35,,,,
8234,Xylesthia pruniramiella ,,,17,1,June 20 to July 25,,,Single specimens AUgust 14 and 23,,Yes,https://www.inaturalist.org/taxa/233841-Xylesthia-pruniramiella,,,,,,,,,,,,,,,